{
	"credit": "Made with Blockbench",
	"parent": "block/block",
	"render_type": "minecraft:cutout",
	"textures": {
		"0": "replication:block/matter_network_pipe",
		"particle": "replication:block/matter_network_pipe"
	},
	"elements": [
		{
			"from": [7, 7, 7],
			"to": [9, 9, 9],
			"faces": {
				"north": {"uv": [14, 0, 16, 2], "texture": "#0"},
				"east": {"uv": [14, 0, 16, 2], "texture": "#0"},
				"south": {"uv": [14, 0, 16, 2], "texture": "#0"},
				"west": {"uv": [14, 0, 16, 2], "texture": "#0"},
				"up": {"uv": [14, 0, 16, 2], "texture": "#0"},
				"down": {"uv": [14, 0, 16, 2], "texture": "#0"}
			}
		},
		{
			"from": [5, 10, 5],
			"to": [11, 11, 6],
			"faces": {
				"north": {"uv": [6, 13, 0, 14], "texture": "#0"},
				"east": {"uv": [5, 13, 6, 14], "texture": "#0"},
				"south": {"uv": [0, 13, 6, 14], "texture": "#0"},
				"west": {"uv": [0, 13, 1, 14], "texture": "#0"},
				"up": {"uv": [0, 13, 6, 14], "texture": "#0"},
				"down": {"uv": [0, 13, 6, 14], "texture": "#0"}
			}
		},
		{
			"from": [5, 10, 10],
			"to": [11, 11, 11],
			"faces": {
				"north": {"uv": [12, 13, 6, 14], "texture": "#0"},
				"east": {"uv": [11, 13, 12, 14], "texture": "#0"},
				"south": {"uv": [6, 13, 12, 14], "texture": "#0"},
				"west": {"uv": [6, 13, 7, 14], "texture": "#0"},
				"up": {"uv": [6, 13, 12, 14], "texture": "#0"},
				"down": {"uv": [6, 13, 12, 14], "texture": "#0"}
			}
		},
		{
			"from": [5, 5, 10],
			"to": [11, 6, 11],
			"faces": {
				"north": {"uv": [12, 14, 6, 15], "texture": "#0"},
				"east": {"uv": [11, 14, 12, 15], "texture": "#0"},
				"south": {"uv": [6, 14, 12, 15], "texture": "#0"},
				"west": {"uv": [6, 14, 7, 15], "texture": "#0"},
				"up": {"uv": [6, 14, 12, 15], "texture": "#0"},
				"down": {"uv": [6, 14, 12, 15], "texture": "#0"}
			}
		},
		{
			"from": [5, 5, 5],
			"to": [11, 6, 6],
			"faces": {
				"north": {"uv": [6, 14, 0, 15], "texture": "#0"},
				"east": {"uv": [5, 14, 6, 15], "texture": "#0"},
				"south": {"uv": [0, 14, 6, 15], "texture": "#0"},
				"west": {"uv": [0, 14, 1, 15], "texture": "#0"},
				"up": {"uv": [0, 14, 6, 15], "texture": "#0"},
				"down": {"uv": [0, 14, 6, 15], "texture": "#0"}
			}
		},
		{
			"from": [5, 6, 5],
			"to": [6, 10, 6],
			"faces": {
				"north": {"uv": [6, 1, 7, 5], "texture": "#0"},
				"east": {"uv": [6, 1, 7, 5], "texture": "#0"},
				"south": {"uv": [6, 1, 7, 5], "texture": "#0"},
				"west": {"uv": [6, 1, 7, 5], "texture": "#0"},
				"up": {"uv": [6, 1, 7, 2], "texture": "#0", "cullface": "up"},
				"down": {"uv": [6, 4, 7, 5], "texture": "#0", "cullface": "down"}
			}
		},
		{
			"from": [5, 6, 10],
			"to": [6, 10, 11],
			"faces": {
				"north": {"uv": [7, 1, 8, 5], "texture": "#0"},
				"east": {"uv": [7, 1, 8, 5], "texture": "#0"},
				"south": {"uv": [7, 1, 8, 5], "texture": "#0"},
				"west": {"uv": [7, 1, 8, 5], "texture": "#0"},
				"up": {"uv": [7, 1, 8, 2], "texture": "#0", "cullface": "up"},
				"down": {"uv": [7, 4, 8, 5], "texture": "#0", "cullface": "down"}
			}
		},
		{
			"from": [10, 6, 10],
			"to": [11, 10, 11],
			"faces": {
				"north": {"uv": [8, 1, 9, 5], "texture": "#0"},
				"east": {"uv": [8, 1, 9, 5], "texture": "#0"},
				"south": {"uv": [8, 1, 9, 5], "texture": "#0"},
				"west": {"uv": [8, 1, 9, 5], "texture": "#0"},
				"up": {"uv": [8, 1, 9, 2], "texture": "#0", "cullface": "up"},
				"down": {"uv": [8, 4, 9, 5], "texture": "#0", "cullface": "down"}
			}
		},
		{
			"from": [10, 6, 5],
			"to": [11, 10, 6],
			"faces": {
				"north": {"uv": [9, 1, 10, 5], "texture": "#0"},
				"east": {"uv": [9, 1, 10, 5], "texture": "#0"},
				"south": {"uv": [9, 1, 10, 5], "texture": "#0"},
				"west": {"uv": [9, 1, 10, 5], "texture": "#0"},
				"up": {"uv": [9, 1, 10, 2], "texture": "#0", "cullface": "up"},
				"down": {"uv": [9, 4, 10, 5], "texture": "#0", "cullface": "down"}
			}
		},
		{
			"from": [10, 10, 6],
			"to": [11, 11, 10],
			"faces": {
				"north": {"uv": [5, 5, 6, 6], "texture": "#0", "cullface": "north"},
				"east": {"uv": [5, 5, 6, 9], "rotation": 90, "texture": "#0"},
				"south": {"uv": [5, 8, 6, 9], "texture": "#0", "cullface": "south"},
				"west": {"uv": [5, 9, 6, 5], "rotation": 90, "texture": "#0"},
				"up": {"uv": [5, 5, 6, 9], "texture": "#0"},
				"down": {"uv": [5, 9, 6, 5], "texture": "#0"}
			}
		},
		{
			"from": [10, 5, 6],
			"to": [11, 6, 10],
			"faces": {
				"north": {"uv": [6, 5, 7, 6], "texture": "#0", "cullface": "north"},
				"east": {"uv": [6, 5, 7, 9], "rotation": 90, "texture": "#0"},
				"south": {"uv": [6, 8, 7, 9], "texture": "#0", "cullface": "south"},
				"west": {"uv": [6, 9, 7, 5], "rotation": 90, "texture": "#0"},
				"up": {"uv": [6, 5, 7, 9], "texture": "#0"},
				"down": {"uv": [6, 9, 7, 5], "texture": "#0"}
			}
		},
		{
			"from": [5, 5, 6],
			"to": [6, 6, 10],
			"faces": {
				"north": {"uv": [7, 5, 8, 6], "texture": "#0", "cullface": "north"},
				"east": {"uv": [7, 5, 8, 9], "rotation": 90, "texture": "#0"},
				"south": {"uv": [7, 8, 8, 9], "texture": "#0", "cullface": "south"},
				"west": {"uv": [7, 9, 8, 5], "rotation": 90, "texture": "#0"},
				"up": {"uv": [7, 5, 8, 9], "texture": "#0"},
				"down": {"uv": [7, 9, 8, 5], "texture": "#0"}
			}
		},
		{
			"from": [5, 10, 6],
			"to": [6, 11, 10],
			"faces": {
				"north": {"uv": [8, 5, 9, 6], "texture": "#0", "cullface": "north"},
				"east": {"uv": [8, 5, 9, 9], "rotation": 90, "texture": "#0"},
				"south": {"uv": [8, 8, 9, 9], "texture": "#0", "cullface": "south"},
				"west": {"uv": [8, 9, 9, 5], "rotation": 90, "texture": "#0"},
				"up": {"uv": [8, 5, 9, 9], "texture": "#0"},
				"down": {"uv": [8, 9, 9, 5], "texture": "#0"}
			}
		}
	],
	"groups": [
		{
			"name": "Middle",
			"origin": [0, 0, 0],
			"color": 0,
			"children": [0, 1, 2, 3, 4, 5, 6, 7, 8, 9, 10, 11, 12]
		}
	]
}