{
    "credit": "Made with Blockbench",
	"parent": "block/block",
    "render_type": "minecraft:cutout",
    "textures": {
        "0": "replication:block/matter_network_pipe",
        "particle": "replication:block/matter_network_pipe"
    },
    "elements": [{
            "from": [7, 7, 7],
            "to": [9, 9, 9],
            "faces": {
                "north": {
                    "uv": [14, 0, 16, 2],
                    "texture": "#0"
                },
                "east": {
                    "uv": [14, 0, 16, 2],
                    "texture": "#0"
                },
                "south": {
                    "uv": [14, 0, 16, 2],
                    "texture": "#0"
                },
                "west": {
                    "uv": [14, 0, 16, 2],
                    "texture": "#0"
                },
                "up": {
                    "uv": [14, 0, 16, 2],
                    "texture": "#0"
                },
                "down": {
                    "uv": [14, 0, 16, 2],
                    "texture": "#0"
                }
            }
        }, {
            "from": [5, 10, 5],
            "to": [11, 11, 6],
            "faces": {
                "north": {
                    "uv": [6, 13, 0, 14],
                    "texture": "#0"
                },
                "east": {
                    "uv": [5, 13, 6, 14],
                    "texture": "#0"
                },
                "south": {
                    "uv": [0, 13, 6, 14],
                    "texture": "#0"
                },
                "west": {
                    "uv": [0, 13, 1, 14],
                    "texture": "#0"
                },
                "up": {
                    "uv": [0, 13, 6, 14],
                    "texture": "#0"
                },
                "down": {
                    "uv": [0, 13, 6, 14],
                    "texture": "#0"
                }
            }
        }, {
            "from": [5, 10, 10],
            "to": [11, 11, 11],
            "faces": {
                "north": {
                    "uv": [12, 13, 6, 14],
                    "texture": "#0"
                },
                "east": {
                    "uv": [11, 13, 12, 14],
                    "texture": "#0"
                },
                "south": {
                    "uv": [6, 13, 12, 14],
                    "texture": "#0"
                },
                "west": {
                    "uv": [6, 13, 7, 14],
                    "texture": "#0"
                },
                "up": {
                    "uv": [6, 13, 12, 14],
                    "texture": "#0"
                },
                "down": {
                    "uv": [6, 13, 12, 14],
                    "texture": "#0"
                }
            }
        }, {
            "from": [5, 5, 10],
            "to": [11, 6, 11],
            "faces": {
                "north": {
                    "uv": [12, 14, 6, 15],
                    "texture": "#0"
                },
                "east": {
                    "uv": [11, 14, 12, 15],
                    "texture": "#0"
                },
                "south": {
                    "uv": [6, 14, 12, 15],
                    "texture": "#0"
                },
                "west": {
                    "uv": [6, 14, 7, 15],
                    "texture": "#0"
                },
                "up": {
                    "uv": [6, 14, 12, 15],
                    "texture": "#0"
                },
                "down": {
                    "uv": [6, 14, 12, 15],
                    "texture": "#0"
                }
            }
        }, {
            "from": [5, 5, 5],
            "to": [11, 6, 6],
            "faces": {
                "north": {
                    "uv": [6, 14, 0, 15],
                    "texture": "#0"
                },
                "east": {
                    "uv": [5, 14, 6, 15],
                    "texture": "#0"
                },
                "south": {
                    "uv": [0, 14, 6, 15],
                    "texture": "#0"
                },
                "west": {
                    "uv": [0, 14, 1, 15],
                    "texture": "#0"
                },
                "up": {
                    "uv": [0, 14, 6, 15],
                    "texture": "#0"
                },
                "down": {
                    "uv": [0, 14, 6, 15],
                    "texture": "#0"
                }
            }
        }, {
            "from": [5, 6, 5],
            "to": [6, 10, 6],
            "faces": {
                "north": {
                    "uv": [6, 1, 7, 5],
                    "texture": "#0"
                },
                "east": {
                    "uv": [6, 1, 7, 5],
                    "texture": "#0"
                },
                "south": {
                    "uv": [6, 1, 7, 5],
                    "texture": "#0"
                },
                "west": {
                    "uv": [6, 1, 7, 5],
                    "texture": "#0"
                },
                "up": {
                    "uv": [6, 1, 7, 2],
                    "texture": "#0",
                    "cullface": "up"
                },
                "down": {
                    "uv": [6, 4, 7, 5],
                    "texture": "#0",
                    "cullface": "down"
                }
            }
        }, {
            "from": [5, 6, 10],
            "to": [6, 10, 11],
            "faces": {
                "north": {
                    "uv": [7, 1, 8, 5],
                    "texture": "#0"
                },
                "east": {
                    "uv": [7, 1, 8, 5],
                    "texture": "#0"
                },
                "south": {
                    "uv": [7, 1, 8, 5],
                    "texture": "#0"
                },
                "west": {
                    "uv": [7, 1, 8, 5],
                    "texture": "#0"
                },
                "up": {
                    "uv": [7, 1, 8, 2],
                    "texture": "#0",
                    "cullface": "up"
                },
                "down": {
                    "uv": [7, 4, 8, 5],
                    "texture": "#0",
                    "cullface": "down"
                }
            }
        }, {
            "from": [10, 6, 10],
            "to": [11, 10, 11],
            "faces": {
                "north": {
                    "uv": [8, 1, 9, 5],
                    "texture": "#0"
                },
                "east": {
                    "uv": [8, 1, 9, 5],
                    "texture": "#0"
                },
                "south": {
                    "uv": [8, 1, 9, 5],
                    "texture": "#0"
                },
                "west": {
                    "uv": [8, 1, 9, 5],
                    "texture": "#0"
                },
                "up": {
                    "uv": [8, 1, 9, 2],
                    "texture": "#0",
                    "cullface": "up"
                },
                "down": {
                    "uv": [8, 4, 9, 5],
                    "texture": "#0",
                    "cullface": "down"
                }
            }
        }, {
            "from": [10, 6, 5],
            "to": [11, 10, 6],
            "faces": {
                "north": {
                    "uv": [9, 1, 10, 5],
                    "texture": "#0"
                },
                "east": {
                    "uv": [9, 1, 10, 5],
                    "texture": "#0"
                },
                "south": {
                    "uv": [9, 1, 10, 5],
                    "texture": "#0"
                },
                "west": {
                    "uv": [9, 1, 10, 5],
                    "texture": "#0"
                },
                "up": {
                    "uv": [9, 1, 10, 2],
                    "texture": "#0",
                    "cullface": "up"
                },
                "down": {
                    "uv": [9, 4, 10, 5],
                    "texture": "#0",
                    "cullface": "down"
                }
            }
        }, {
            "from": [10, 10, 6],
            "to": [11, 11, 10],
            "faces": {
                "north": {
                    "uv": [5, 5, 6, 6],
                    "texture": "#0",
                    "cullface": "north"
                },
                "east": {
                    "uv": [5, 5, 6, 9],
                    "rotation": 90,
                    "texture": "#0"
                },
                "south": {
                    "uv": [5, 8, 6, 9],
                    "texture": "#0",
                    "cullface": "south"
                },
                "west": {
                    "uv": [5, 9, 6, 5],
                    "rotation": 90,
                    "texture": "#0"
                },
                "up": {
                    "uv": [5, 5, 6, 9],
                    "texture": "#0"
                },
                "down": {
                    "uv": [5, 9, 6, 5],
                    "texture": "#0"
                }
            }
        }, {
            "from": [10, 5, 6],
            "to": [11, 6, 10],
            "faces": {
                "north": {
                    "uv": [6, 5, 7, 6],
                    "texture": "#0",
                    "cullface": "north"
                },
                "east": {
                    "uv": [6, 5, 7, 9],
                    "rotation": 90,
                    "texture": "#0"
                },
                "south": {
                    "uv": [6, 8, 7, 9],
                    "texture": "#0",
                    "cullface": "south"
                },
                "west": {
                    "uv": [6, 9, 7, 5],
                    "rotation": 90,
                    "texture": "#0"
                },
                "up": {
                    "uv": [6, 5, 7, 9],
                    "texture": "#0"
                },
                "down": {
                    "uv": [6, 9, 7, 5],
                    "texture": "#0"
                }
            }
        }, {
            "from": [5, 5, 6],
            "to": [6, 6, 10],
            "faces": {
                "north": {
                    "uv": [7, 5, 8, 6],
                    "texture": "#0",
                    "cullface": "north"
                },
                "east": {
                    "uv": [7, 5, 8, 9],
                    "rotation": 90,
                    "texture": "#0"
                },
                "south": {
                    "uv": [7, 8, 8, 9],
                    "texture": "#0",
                    "cullface": "south"
                },
                "west": {
                    "uv": [7, 9, 8, 5],
                    "rotation": 90,
                    "texture": "#0"
                },
                "up": {
                    "uv": [7, 5, 8, 9],
                    "texture": "#0"
                },
                "down": {
                    "uv": [7, 9, 8, 5],
                    "texture": "#0"
                }
            }
        }, {
            "from": [5, 10, 6],
            "to": [6, 11, 10],
            "faces": {
                "north": {
                    "uv": [8, 5, 9, 6],
                    "texture": "#0",
                    "cullface": "north"
                },
                "east": {
                    "uv": [8, 5, 9, 9],
                    "rotation": 90,
                    "texture": "#0"
                },
                "south": {
                    "uv": [8, 8, 9, 9],
                    "texture": "#0",
                    "cullface": "south"
                },
                "west": {
                    "uv": [8, 9, 9, 5],
                    "rotation": 90,
                    "texture": "#0"
                },
                "up": {
                    "uv": [8, 5, 9, 9],
                    "texture": "#0"
                },
                "down": {
                    "uv": [8, 9, 9, 5],
                    "texture": "#0"
                }
            }
        }, {
            "from": [7, 7, 0],
            "to": [9, 9, 7],
            "rotation": {
                "angle": 0,
                "axis": "y",
                "origin": [8, 8, 8]
            },
            "faces": {
                "north": {
                    "uv": [14, 7, 16, 9],
                    "texture": "#0"
                },
                "east": {
                    "uv": [16, 0, 14, 7],
                    "rotation": 90,
                    "texture": "#0"
                },
                "south": {
                    "uv": [14, 9, 16, 11],
                    "texture": "#0"
                },
                "west": {
                    "uv": [14, 7, 16, 0],
                    "rotation": 90,
                    "texture": "#0"
                },
                "up": {
                    "uv": [14, 0, 16, 7],
                    "texture": "#0"
                },
                "down": {
                    "uv": [16, 7, 14, 0],
                    "texture": "#0"
                }
            }
        }, {
            "from": [5, 9, 0],
            "to": [6, 11, 5],
            "rotation": {
                "angle": 0,
                "axis": "y",
                "origin": [8, 8, 8]
            },
            "faces": {
                "north": {
                    "uv": [0, 5, 1, 7],
                    "texture": "#0"
                },
                "east": {
                    "uv": [5, 5, 0, 7],
                    "texture": "#0"
                },
                "south": {
                    "uv": [4, 5, 5, 7],
                    "texture": "#0"
                },
                "west": {
                    "uv": [0, 5, 5, 7],
                    "texture": "#0"
                },
                "up": {
                    "uv": [0, 5, 5, 6],
                    "rotation": 90,
                    "texture": "#0"
                },
                "down": {
                    "uv": [5, 6, 0, 7],
                    "rotation": 90,
                    "texture": "#0"
                }
            }
        }, {
            "from": [5, 5, 0],
            "to": [6, 7, 5],
            "rotation": {
                "angle": 0,
                "axis": "y",
                "origin": [8, 8, 8]
            },
            "faces": {
                "north": {
                    "uv": [0, 9, 1, 11],
                    "texture": "#0"
                },
                "east": {
                    "uv": [5, 9, 0, 11],
                    "texture": "#0"
                },
                "south": {
                    "uv": [4, 9, 5, 11],
                    "texture": "#0"
                },
                "west": {
                    "uv": [0, 9, 5, 11],
                    "texture": "#0"
                },
                "up": {
                    "uv": [0, 9, 5, 10],
                    "rotation": 90,
                    "texture": "#0"
                },
                "down": {
                    "uv": [5, 10, 0, 11],
                    "rotation": 90,
                    "texture": "#0"
                }
            }
        }, {
            "from": [10, 5, 0],
            "to": [11, 7, 5],
            "rotation": {
                "angle": 0,
                "axis": "y",
                "origin": [8, 8, 8]
            },
            "faces": {
                "north": {
                    "uv": [0, 11, 1, 13],
                    "texture": "#0"
                },
                "east": {
                    "uv": [5, 11, 0, 13],
                    "texture": "#0"
                },
                "south": {
                    "uv": [4, 11, 5, 13],
                    "texture": "#0"
                },
                "west": {
                    "uv": [0, 11, 5, 13],
                    "texture": "#0"
                },
                "up": {
                    "uv": [0, 11, 5, 12],
                    "rotation": 90,
                    "texture": "#0"
                },
                "down": {
                    "uv": [5, 12, 0, 13],
                    "rotation": 90,
                    "texture": "#0"
                }
            }
        }, {
            "from": [10, 9, 0],
            "to": [11, 11, 5],
            "rotation": {
                "angle": 0,
                "axis": "y",
                "origin": [8, 8, 8]
            },
            "faces": {
                "north": {
                    "uv": [0, 7, 1, 9],
                    "texture": "#0"
                },
                "east": {
                    "uv": [5, 7, 0, 9],
                    "texture": "#0"
                },
                "south": {
                    "uv": [4, 7, 5, 9],
                    "texture": "#0"
                },
                "west": {
                    "uv": [0, 7, 5, 9],
                    "texture": "#0"
                },
                "up": {
                    "uv": [0, 7, 5, 8],
                    "rotation": 90,
                    "texture": "#0"
                },
                "down": {
                    "uv": [5, 8, 0, 9],
                    "rotation": 90,
                    "texture": "#0"
                }
            }
        }, {
            "from": [6, 10, 0],
            "to": [7, 11, 5],
            "rotation": {
                "angle": 0,
                "axis": "y",
                "origin": [8, 8, 8]
            },
            "faces": {
                "north": {
                    "uv": [2, 0, 3, 1],
                    "texture": "#0"
                },
                "east": {
                    "uv": [2, 0, 3, 5],
                    "rotation": 90,
                    "texture": "#0"
                },
                "south": {
                    "uv": [2, 4, 3, 5],
                    "texture": "#0"
                },
                "west": {
                    "uv": [2, 5, 3, 0],
                    "rotation": 90,
                    "texture": "#0"
                },
                "up": {
                    "uv": [2, 0, 3, 5],
                    "texture": "#0"
                },
                "down": {
                    "uv": [2, 5, 3, 0],
                    "texture": "#0"
                }
            }
        }, {
            "from": [6, 5, 0],
            "to": [7, 6, 5],
            "rotation": {
                "angle": 0,
                "axis": "y",
                "origin": [8, 8, 8]
            },
            "faces": {
                "north": {
                    "uv": [4, 0, 5, 1],
                    "texture": "#0"
                },
                "east": {
                    "uv": [4, 0, 5, 5],
                    "rotation": 90,
                    "texture": "#0"
                },
                "south": {
                    "uv": [4, 4, 5, 5],
                    "texture": "#0"
                },
                "west": {
                    "uv": [4, 5, 5, 0],
                    "rotation": 90,
                    "texture": "#0"
                },
                "up": {
                    "uv": [4, 0, 5, 5],
                    "texture": "#0"
                },
                "down": {
                    "uv": [4, 5, 5, 0],
                    "texture": "#0"
                }
            }
        }, {
            "from": [9, 10, 0],
            "to": [10, 11, 5],
            "rotation": {
                "angle": 0,
                "axis": "y",
                "origin": [8, 8, 8]
            },
            "faces": {
                "north": {
                    "uv": [3, 0, 4, 1],
                    "texture": "#0"
                },
                "east": {
                    "uv": [3, 0, 4, 5],
                    "rotation": 90,
                    "texture": "#0"
                },
                "south": {
                    "uv": [3, 4, 4, 5],
                    "texture": "#0"
                },
                "west": {
                    "uv": [3, 5, 4, 0],
                    "rotation": 90,
                    "texture": "#0"
                },
                "up": {
                    "uv": [3, 0, 4, 5],
                    "texture": "#0"
                },
                "down": {
                    "uv": [3, 5, 4, 0],
                    "texture": "#0"
                }
            }
        }, {
            "from": [9, 5, 0],
            "to": [10, 6, 5],
            "rotation": {
                "angle": 0,
                "axis": "y",
                "origin": [8, 8, 8]
            },
            "faces": {
                "north": {
                    "uv": [5, 0, 6, 1],
                    "texture": "#0"
                },
                "east": {
                    "uv": [5, 0, 6, 5],
                    "rotation": 90,
                    "texture": "#0"
                },
                "south": {
                    "uv": [5, 4, 6, 5],
                    "texture": "#0"
                },
                "west": {
                    "uv": [5, 5, 6, 0],
                    "rotation": 90,
                    "texture": "#0"
                },
                "up": {
                    "uv": [5, 0, 6, 5],
                    "texture": "#0"
                },
                "down": {
                    "uv": [5, 5, 6, 0],
                    "texture": "#0"
                }
            }
        }, {
            "from": [7, 10, 3],
            "to": [9, 11, 4],
            "rotation": {
                "angle": 0,
                "axis": "y",
                "origin": [8, 8, 8]
            },
            "faces": {
                "north": {
                    "uv": [8, 0, 6, 1],
                    "texture": "#0"
                },
                "east": {
                    "uv": [7, 0, 8, 1],
                    "texture": "#0"
                },
                "south": {
                    "uv": [6, 0, 8, 1],
                    "texture": "#0"
                },
                "west": {
                    "uv": [6, 0, 7, 1],
                    "texture": "#0"
                },
                "up": {
                    "uv": [6, 0, 8, 1],
                    "texture": "#0"
                },
                "down": {
                    "uv": [6, 0, 8, 1],
                    "texture": "#0"
                }
            }
        }, {
            "from": [7, 5, 3],
            "to": [9, 6, 4],
            "rotation": {
                "angle": 0,
                "axis": "y",
                "origin": [8, 8, 8]
            },
            "faces": {
                "north": {
                    "uv": [8, 0, 6, 1],
                    "texture": "#0"
                },
                "east": {
                    "uv": [7, 0, 8, 1],
                    "texture": "#0"
                },
                "south": {
                    "uv": [6, 0, 8, 1],
                    "texture": "#0"
                },
                "west": {
                    "uv": [6, 0, 7, 1],
                    "texture": "#0"
                },
                "up": {
                    "uv": [6, 0, 8, 1],
                    "texture": "#0"
                },
                "down": {
                    "uv": [6, 0, 8, 1],
                    "texture": "#0"
                }
            }
        }, {
            "from": [5, 7, 3],
            "to": [6, 9, 4],
            "rotation": {
                "angle": 0,
                "axis": "y",
                "origin": [8, 8, 8]
            },
            "faces": {
                "north": {
                    "uv": [6, 0, 8, 1],
                    "rotation": 90,
                    "texture": "#0"
                },
                "east": {
                    "uv": [6, 0, 8, 1],
                    "rotation": 90,
                    "texture": "#0"
                },
                "south": {
                    "uv": [6, 0, 8, 1],
                    "rotation": 90,
                    "texture": "#0"
                },
                "west": {
                    "uv": [6, 0, 8, 1],
                    "rotation": 90,
                    "texture": "#0"
                },
                "up": {
                    "uv": [6, 0, 7, 1],
                    "texture": "#0"
                },
                "down": {
                    "uv": [7, 0, 8, 1],
                    "texture": "#0"
                }
            }
        }, {
            "from": [10, 7, 3],
            "to": [11, 9, 4],
            "rotation": {
                "angle": 0,
                "axis": "y",
                "origin": [8, 8, 8]
            },
            "faces": {
                "north": {
                    "uv": [6, 0, 8, 1],
                    "rotation": 90,
                    "texture": "#0"
                },
                "east": {
                    "uv": [6, 0, 8, 1],
                    "rotation": 90,
                    "texture": "#0"
                },
                "south": {
                    "uv": [6, 0, 8, 1],
                    "rotation": 90,
                    "texture": "#0"
                },
                "west": {
                    "uv": [6, 0, 8, 1],
                    "rotation": 90,
                    "texture": "#0"
                },
                "up": {
                    "uv": [6, 0, 7, 1],
                    "texture": "#0"
                },
                "down": {
                    "uv": [7, 0, 8, 1],
                    "texture": "#0"
                }
            }
        }, {
            "from": [0, 7, 7],
            "to": [7, 9, 9],
            "rotation": {
                "angle": 0,
                "axis": "y",
                "origin": [8, 8, 8]
            },
            "faces": {
                "north": {
                    "uv": [16, 0, 14, 7],
                    "rotation": 90,
                    "texture": "#0"
                },
                "east": {
                    "uv": [14, 9, 16, 11],
                    "texture": "#0"
                },
                "south": {
                    "uv": [14, 7, 16, 0],
                    "rotation": 90,
                    "texture": "#0"
                },
                "west": {
                    "uv": [14, 7, 16, 9],
                    "texture": "#0"
                },
                "up": {
                    "uv": [14, 0, 16, 7],
                    "rotation": 270,
                    "texture": "#0"
                },
                "down": {
                    "uv": [16, 7, 14, 0],
                    "rotation": 90,
                    "texture": "#0"
                }
            }
        }, {
            "from": [0, 9, 10],
            "to": [5, 11, 11],
            "rotation": {
                "angle": 0,
                "axis": "y",
                "origin": [8, 8, 8]
            },
            "faces": {
                "north": {
                    "uv": [5, 5, 0, 7],
                    "texture": "#0"
                },
                "east": {
                    "uv": [4, 5, 5, 7],
                    "texture": "#0"
                },
                "south": {
                    "uv": [0, 5, 5, 7],
                    "texture": "#0"
                },
                "west": {
                    "uv": [0, 5, 1, 7],
                    "texture": "#0"
                },
                "up": {
                    "uv": [0, 5, 5, 6],
                    "texture": "#0"
                },
                "down": {
                    "uv": [5, 6, 0, 7],
                    "rotation": 180,
                    "texture": "#0"
                }
            }
        }, {
            "from": [0, 5, 10],
            "to": [5, 7, 11],
            "rotation": {
                "angle": 0,
                "axis": "y",
                "origin": [8, 8, 8]
            },
            "faces": {
                "north": {
                    "uv": [5, 9, 0, 11],
                    "texture": "#0"
                },
                "east": {
                    "uv": [4, 9, 5, 11],
                    "texture": "#0"
                },
                "south": {
                    "uv": [0, 9, 5, 11],
                    "texture": "#0"
                },
                "west": {
                    "uv": [0, 9, 1, 11],
                    "texture": "#0"
                },
                "up": {
                    "uv": [0, 9, 5, 10],
                    "texture": "#0"
                },
                "down": {
                    "uv": [5, 10, 0, 11],
                    "rotation": 180,
                    "texture": "#0"
                }
            }
        }, {
            "from": [0, 5, 5],
            "to": [5, 7, 6],
            "rotation": {
                "angle": 0,
                "axis": "y",
                "origin": [8, 8, 8]
            },
            "faces": {
                "north": {
                    "uv": [5, 11, 0, 13],
                    "texture": "#0"
                },
                "east": {
                    "uv": [4, 11, 5, 13],
                    "texture": "#0"
                },
                "south": {
                    "uv": [0, 11, 5, 13],
                    "texture": "#0"
                },
                "west": {
                    "uv": [0, 11, 1, 13],
                    "texture": "#0"
                },
                "up": {
                    "uv": [0, 11, 5, 12],
                    "texture": "#0"
                },
                "down": {
                    "uv": [5, 12, 0, 13],
                    "rotation": 180,
                    "texture": "#0"
                }
            }
        }, {
            "from": [0, 9, 5],
            "to": [5, 11, 6],
            "rotation": {
                "angle": 0,
                "axis": "y",
                "origin": [8, 8, 8]
            },
            "faces": {
                "north": {
                    "uv": [5, 7, 0, 9],
                    "texture": "#0"
                },
                "east": {
                    "uv": [4, 7, 5, 9],
                    "texture": "#0"
                },
                "south": {
                    "uv": [0, 7, 5, 9],
                    "texture": "#0"
                },
                "west": {
                    "uv": [0, 7, 1, 9],
                    "texture": "#0"
                },
                "up": {
                    "uv": [0, 7, 5, 8],
                    "texture": "#0"
                },
                "down": {
                    "uv": [5, 8, 0, 9],
                    "rotation": 180,
                    "texture": "#0"
                }
            }
        }, {
            "from": [0, 10, 9],
            "to": [5, 11, 10],
            "rotation": {
                "angle": 0,
                "axis": "y",
                "origin": [8, 8, 8]
            },
            "faces": {
                "north": {
                    "uv": [2, 0, 3, 5],
                    "rotation": 90,
                    "texture": "#0"
                },
                "east": {
                    "uv": [2, 4, 3, 5],
                    "texture": "#0"
                },
                "south": {
                    "uv": [2, 5, 3, 0],
                    "rotation": 90,
                    "texture": "#0"
                },
                "west": {
                    "uv": [2, 0, 3, 1],
                    "texture": "#0"
                },
                "up": {
                    "uv": [2, 0, 3, 5],
                    "rotation": 270,
                    "texture": "#0"
                },
                "down": {
                    "uv": [2, 5, 3, 0],
                    "rotation": 90,
                    "texture": "#0"
                }
            }
        }, {
            "from": [0, 5, 9],
            "to": [5, 6, 10],
            "rotation": {
                "angle": 0,
                "axis": "y",
                "origin": [8, 8, 8]
            },
            "faces": {
                "north": {
                    "uv": [4, 0, 5, 5],
                    "rotation": 90,
                    "texture": "#0"
                },
                "east": {
                    "uv": [4, 4, 5, 5],
                    "texture": "#0"
                },
                "south": {
                    "uv": [4, 5, 5, 0],
                    "rotation": 90,
                    "texture": "#0"
                },
                "west": {
                    "uv": [4, 0, 5, 1],
                    "texture": "#0"
                },
                "up": {
                    "uv": [4, 0, 5, 5],
                    "rotation": 270,
                    "texture": "#0"
                },
                "down": {
                    "uv": [4, 5, 5, 0],
                    "rotation": 90,
                    "texture": "#0"
                }
            }
        }, {
            "from": [0, 10, 6],
            "to": [5, 11, 7],
            "rotation": {
                "angle": 0,
                "axis": "y",
                "origin": [8, 8, 8]
            },
            "faces": {
                "north": {
                    "uv": [3, 0, 4, 5],
                    "rotation": 90,
                    "texture": "#0"
                },
                "east": {
                    "uv": [3, 4, 4, 5],
                    "texture": "#0"
                },
                "south": {
                    "uv": [3, 5, 4, 0],
                    "rotation": 90,
                    "texture": "#0"
                },
                "west": {
                    "uv": [3, 0, 4, 1],
                    "texture": "#0"
                },
                "up": {
                    "uv": [3, 0, 4, 5],
                    "rotation": 270,
                    "texture": "#0"
                },
                "down": {
                    "uv": [3, 5, 4, 0],
                    "rotation": 90,
                    "texture": "#0"
                }
            }
        }, {
            "from": [0, 5, 6],
            "to": [5, 6, 7],
            "rotation": {
                "angle": 0,
                "axis": "y",
                "origin": [8, 8, 8]
            },
            "faces": {
                "north": {
                    "uv": [5, 0, 6, 5],
                    "rotation": 90,
                    "texture": "#0"
                },
                "east": {
                    "uv": [5, 4, 6, 5],
                    "texture": "#0"
                },
                "south": {
                    "uv": [5, 5, 6, 0],
                    "rotation": 90,
                    "texture": "#0"
                },
                "west": {
                    "uv": [5, 0, 6, 1],
                    "texture": "#0"
                },
                "up": {
                    "uv": [5, 0, 6, 5],
                    "rotation": 270,
                    "texture": "#0"
                },
                "down": {
                    "uv": [5, 5, 6, 0],
                    "rotation": 90,
                    "texture": "#0"
                }
            }
        }, {
            "from": [3, 10, 7],
            "to": [4, 11, 9],
            "rotation": {
                "angle": 0,
                "axis": "y",
                "origin": [8, 8, 8]
            },
            "faces": {
                "north": {
                    "uv": [7, 0, 8, 1],
                    "texture": "#0"
                },
                "east": {
                    "uv": [6, 0, 8, 1],
                    "texture": "#0"
                },
                "south": {
                    "uv": [6, 0, 7, 1],
                    "texture": "#0"
                },
                "west": {
                    "uv": [8, 0, 6, 1],
                    "texture": "#0"
                },
                "up": {
                    "uv": [6, 0, 8, 1],
                    "rotation": 270,
                    "texture": "#0"
                },
                "down": {
                    "uv": [6, 0, 8, 1],
                    "rotation": 90,
                    "texture": "#0"
                }
            }
        }, {
            "from": [3, 5, 7],
            "to": [4, 6, 9],
            "rotation": {
                "angle": 0,
                "axis": "y",
                "origin": [8, 8, 8]
            },
            "faces": {
                "north": {
                    "uv": [7, 0, 8, 1],
                    "texture": "#0"
                },
                "east": {
                    "uv": [6, 0, 8, 1],
                    "texture": "#0"
                },
                "south": {
                    "uv": [6, 0, 7, 1],
                    "texture": "#0"
                },
                "west": {
                    "uv": [8, 0, 6, 1],
                    "texture": "#0"
                },
                "up": {
                    "uv": [6, 0, 8, 1],
                    "rotation": 270,
                    "texture": "#0"
                },
                "down": {
                    "uv": [6, 0, 8, 1],
                    "rotation": 90,
                    "texture": "#0"
                }
            }
        }, {
            "from": [3, 7, 10],
            "to": [4, 9, 11],
            "rotation": {
                "angle": 0,
                "axis": "y",
                "origin": [8, 8, 8]
            },
            "faces": {
                "north": {
                    "uv": [6, 0, 8, 1],
                    "rotation": 90,
                    "texture": "#0"
                },
                "east": {
                    "uv": [6, 0, 8, 1],
                    "rotation": 90,
                    "texture": "#0"
                },
                "south": {
                    "uv": [6, 0, 8, 1],
                    "rotation": 90,
                    "texture": "#0"
                },
                "west": {
                    "uv": [6, 0, 8, 1],
                    "rotation": 90,
                    "texture": "#0"
                },
                "up": {
                    "uv": [6, 0, 7, 1],
                    "rotation": 270,
                    "texture": "#0"
                },
                "down": {
                    "uv": [7, 0, 8, 1],
                    "rotation": 90,
                    "texture": "#0"
                }
            }
        }, {
            "from": [3, 7, 5],
            "to": [4, 9, 6],
            "rotation": {
                "angle": 0,
                "axis": "y",
                "origin": [8, 8, 8]
            },
            "faces": {
                "north": {
                    "uv": [6, 0, 8, 1],
                    "rotation": 90,
                    "texture": "#0"
                },
                "east": {
                    "uv": [6, 0, 8, 1],
                    "rotation": 90,
                    "texture": "#0"
                },
                "south": {
                    "uv": [6, 0, 8, 1],
                    "rotation": 90,
                    "texture": "#0"
                },
                "west": {
                    "uv": [6, 0, 8, 1],
                    "rotation": 90,
                    "texture": "#0"
                },
                "up": {
                    "uv": [6, 0, 7, 1],
                    "rotation": 270,
                    "texture": "#0"
                },
                "down": {
                    "uv": [7, 0, 8, 1],
                    "rotation": 90,
                    "texture": "#0"
                }
            }
        }, {
            "from": [7, 7, 9],
            "to": [9, 9, 16],
            "rotation": {
                "angle": 0,
                "axis": "y",
                "origin": [8, 8, 8]
            },
            "faces": {
                "north": {
                    "uv": [14, 9, 16, 11],
                    "texture": "#0"
                },
                "east": {
                    "uv": [14, 7, 16, 0],
                    "rotation": 90,
                    "texture": "#0"
                },
                "south": {
                    "uv": [14, 7, 16, 9],
                    "texture": "#0"
                },
                "west": {
                    "uv": [16, 0, 14, 7],
                    "rotation": 90,
                    "texture": "#0"
                },
                "up": {
                    "uv": [14, 0, 16, 7],
                    "rotation": 180,
                    "texture": "#0"
                },
                "down": {
                    "uv": [16, 7, 14, 0],
                    "rotation": 180,
                    "texture": "#0"
                }
            }
        }, {
            "from": [10, 9, 11],
            "to": [11, 11, 16],
            "rotation": {
                "angle": 0,
                "axis": "y",
                "origin": [8, 8, 8]
            },
            "faces": {
                "north": {
                    "uv": [4, 5, 5, 7],
                    "texture": "#0"
                },
                "east": {
                    "uv": [0, 5, 5, 7],
                    "texture": "#0"
                },
                "south": {
                    "uv": [0, 5, 1, 7],
                    "texture": "#0"
                },
                "west": {
                    "uv": [5, 5, 0, 7],
                    "texture": "#0"
                },
                "up": {
                    "uv": [0, 5, 5, 6],
                    "rotation": 270,
                    "texture": "#0"
                },
                "down": {
                    "uv": [5, 6, 0, 7],
                    "rotation": 270,
                    "texture": "#0"
                }
            }
        }, {
            "from": [10, 5, 11],
            "to": [11, 7, 16],
            "rotation": {
                "angle": 0,
                "axis": "y",
                "origin": [8, 8, 8]
            },
            "faces": {
                "north": {
                    "uv": [4, 9, 5, 11],
                    "texture": "#0"
                },
                "east": {
                    "uv": [0, 9, 5, 11],
                    "texture": "#0"
                },
                "south": {
                    "uv": [0, 9, 1, 11],
                    "texture": "#0"
                },
                "west": {
                    "uv": [5, 9, 0, 11],
                    "texture": "#0"
                },
                "up": {
                    "uv": [0, 9, 5, 10],
                    "rotation": 270,
                    "texture": "#0"
                },
                "down": {
                    "uv": [5, 10, 0, 11],
                    "rotation": 270,
                    "texture": "#0"
                }
            }
        }, {
            "from": [5, 5, 11],
            "to": [6, 7, 16],
            "rotation": {
                "angle": 0,
                "axis": "y",
                "origin": [8, 8, 8]
            },
            "faces": {
                "north": {
                    "uv": [4, 11, 5, 13],
                    "texture": "#0"
                },
                "east": {
                    "uv": [0, 11, 5, 13],
                    "texture": "#0"
                },
                "south": {
                    "uv": [0, 11, 1, 13],
                    "texture": "#0"
                },
                "west": {
                    "uv": [5, 11, 0, 13],
                    "texture": "#0"
                },
                "up": {
                    "uv": [0, 11, 5, 12],
                    "rotation": 270,
                    "texture": "#0"
                },
                "down": {
                    "uv": [5, 12, 0, 13],
                    "rotation": 270,
                    "texture": "#0"
                }
            }
        }, {
            "from": [5, 9, 11],
            "to": [6, 11, 16],
            "rotation": {
                "angle": 0,
                "axis": "y",
                "origin": [8, 8, 8]
            },
            "faces": {
                "north": {
                    "uv": [4, 7, 5, 9],
                    "texture": "#0"
                },
                "east": {
                    "uv": [0, 7, 5, 9],
                    "texture": "#0"
                },
                "south": {
                    "uv": [0, 7, 1, 9],
                    "texture": "#0"
                },
                "west": {
                    "uv": [5, 7, 0, 9],
                    "texture": "#0"
                },
                "up": {
                    "uv": [0, 7, 5, 8],
                    "rotation": 270,
                    "texture": "#0"
                },
                "down": {
                    "uv": [5, 8, 0, 9],
                    "rotation": 270,
                    "texture": "#0"
                }
            }
        }, {
            "from": [9, 10, 11],
            "to": [10, 11, 16],
            "rotation": {
                "angle": 0,
                "axis": "y",
                "origin": [8, 8, 8]
            },
            "faces": {
                "north": {
                    "uv": [2, 4, 3, 5],
                    "texture": "#0"
                },
                "east": {
                    "uv": [2, 5, 3, 0],
                    "rotation": 90,
                    "texture": "#0"
                },
                "south": {
                    "uv": [2, 0, 3, 1],
                    "texture": "#0"
                },
                "west": {
                    "uv": [2, 0, 3, 5],
                    "rotation": 90,
                    "texture": "#0"
                },
                "up": {
                    "uv": [2, 0, 3, 5],
                    "rotation": 180,
                    "texture": "#0"
                },
                "down": {
                    "uv": [2, 5, 3, 0],
                    "rotation": 180,
                    "texture": "#0"
                }
            }
        }, {
            "from": [9, 5, 11],
            "to": [10, 6, 16],
            "rotation": {
                "angle": 0,
                "axis": "y",
                "origin": [8, 8, 8]
            },
            "faces": {
                "north": {
                    "uv": [4, 4, 5, 5],
                    "texture": "#0"
                },
                "east": {
                    "uv": [4, 5, 5, 0],
                    "rotation": 90,
                    "texture": "#0"
                },
                "south": {
                    "uv": [4, 0, 5, 1],
                    "texture": "#0"
                },
                "west": {
                    "uv": [4, 0, 5, 5],
                    "rotation": 90,
                    "texture": "#0"
                },
                "up": {
                    "uv": [4, 0, 5, 5],
                    "rotation": 180,
                    "texture": "#0"
                },
                "down": {
                    "uv": [4, 5, 5, 0],
                    "rotation": 180,
                    "texture": "#0"
                }
            }
        }, {
            "from": [6, 10, 11],
            "to": [7, 11, 16],
            "rotation": {
                "angle": 0,
                "axis": "y",
                "origin": [8, 8, 8]
            },
            "faces": {
                "north": {
                    "uv": [3, 4, 4, 5],
                    "texture": "#0"
                },
                "east": {
                    "uv": [3, 5, 4, 0],
                    "rotation": 90,
                    "texture": "#0"
                },
                "south": {
                    "uv": [3, 0, 4, 1],
                    "texture": "#0"
                },
                "west": {
                    "uv": [3, 0, 4, 5],
                    "rotation": 90,
                    "texture": "#0"
                },
                "up": {
                    "uv": [3, 0, 4, 5],
                    "rotation": 180,
                    "texture": "#0"
                },
                "down": {
                    "uv": [3, 5, 4, 0],
                    "rotation": 180,
                    "texture": "#0"
                }
            }
        }, {
            "from": [6, 5, 11],
            "to": [7, 6, 16],
            "rotation": {
                "angle": 0,
                "axis": "y",
                "origin": [8, 8, 8]
            },
            "faces": {
                "north": {
                    "uv": [5, 4, 6, 5],
                    "texture": "#0"
                },
                "east": {
                    "uv": [5, 5, 6, 0],
                    "rotation": 90,
                    "texture": "#0"
                },
                "south": {
                    "uv": [5, 0, 6, 1],
                    "texture": "#0"
                },
                "west": {
                    "uv": [5, 0, 6, 5],
                    "rotation": 90,
                    "texture": "#0"
                },
                "up": {
                    "uv": [5, 0, 6, 5],
                    "rotation": 180,
                    "texture": "#0"
                },
                "down": {
                    "uv": [5, 5, 6, 0],
                    "rotation": 180,
                    "texture": "#0"
                }
            }
        }, {
            "from": [7, 10, 12],
            "to": [9, 11, 13],
            "rotation": {
                "angle": 0,
                "axis": "y",
                "origin": [8, 8, 8]
            },
            "faces": {
                "north": {
                    "uv": [6, 0, 8, 1],
                    "texture": "#0"
                },
                "east": {
                    "uv": [6, 0, 7, 1],
                    "texture": "#0"
                },
                "south": {
                    "uv": [8, 0, 6, 1],
                    "texture": "#0"
                },
                "west": {
                    "uv": [7, 0, 8, 1],
                    "texture": "#0"
                },
                "up": {
                    "uv": [6, 0, 8, 1],
                    "rotation": 180,
                    "texture": "#0"
                },
                "down": {
                    "uv": [6, 0, 8, 1],
                    "rotation": 180,
                    "texture": "#0"
                }
            }
        }, {
            "from": [7, 5, 12],
            "to": [9, 6, 13],
            "rotation": {
                "angle": 0,
                "axis": "y",
                "origin": [8, 8, 8]
            },
            "faces": {
                "north": {
                    "uv": [6, 0, 8, 1],
                    "texture": "#0"
                },
                "east": {
                    "uv": [6, 0, 7, 1],
                    "texture": "#0"
                },
                "south": {
                    "uv": [8, 0, 6, 1],
                    "texture": "#0"
                },
                "west": {
                    "uv": [7, 0, 8, 1],
                    "texture": "#0"
                },
                "up": {
                    "uv": [6, 0, 8, 1],
                    "rotation": 180,
                    "texture": "#0"
                },
                "down": {
                    "uv": [6, 0, 8, 1],
                    "rotation": 180,
                    "texture": "#0"
                }
            }
        }, {
            "from": [10, 7, 12],
            "to": [11, 9, 13],
            "rotation": {
                "angle": 0,
                "axis": "y",
                "origin": [8, 8, 8]
            },
            "faces": {
                "north": {
                    "uv": [6, 0, 8, 1],
                    "rotation": 90,
                    "texture": "#0"
                },
                "east": {
                    "uv": [6, 0, 8, 1],
                    "rotation": 90,
                    "texture": "#0"
                },
                "south": {
                    "uv": [6, 0, 8, 1],
                    "rotation": 90,
                    "texture": "#0"
                },
                "west": {
                    "uv": [6, 0, 8, 1],
                    "rotation": 90,
                    "texture": "#0"
                },
                "up": {
                    "uv": [6, 0, 7, 1],
                    "rotation": 180,
                    "texture": "#0"
                },
                "down": {
                    "uv": [7, 0, 8, 1],
                    "rotation": 180,
                    "texture": "#0"
                }
            }
        }, {
            "from": [5, 7, 12],
            "to": [6, 9, 13],
            "rotation": {
                "angle": 0,
                "axis": "y",
                "origin": [8, 8, 8]
            },
            "faces": {
                "north": {
                    "uv": [6, 0, 8, 1],
                    "rotation": 90,
                    "texture": "#0"
                },
                "east": {
                    "uv": [6, 0, 8, 1],
                    "rotation": 90,
                    "texture": "#0"
                },
                "south": {
                    "uv": [6, 0, 8, 1],
                    "rotation": 90,
                    "texture": "#0"
                },
                "west": {
                    "uv": [6, 0, 8, 1],
                    "rotation": 90,
                    "texture": "#0"
                },
                "up": {
                    "uv": [6, 0, 7, 1],
                    "rotation": 180,
                    "texture": "#0"
                },
                "down": {
                    "uv": [7, 0, 8, 1],
                    "rotation": 180,
                    "texture": "#0"
                }
            }
        }, {
            "from": [9, 7, 7],
            "to": [16, 9, 9],
            "rotation": {
                "angle": 0,
                "axis": "y",
                "origin": [8, 8, 8]
            },
            "faces": {
                "north": {
                    "uv": [14, 7, 16, 0],
                    "rotation": 90,
                    "texture": "#0"
                },
                "east": {
                    "uv": [14, 7, 16, 9],
                    "texture": "#0"
                },
                "south": {
                    "uv": [16, 0, 14, 7],
                    "rotation": 90,
                    "texture": "#0"
                },
                "west": {
                    "uv": [14, 9, 16, 11],
                    "texture": "#0"
                },
                "up": {
                    "uv": [14, 0, 16, 7],
                    "rotation": 90,
                    "texture": "#0"
                },
                "down": {
                    "uv": [16, 7, 14, 0],
                    "rotation": 270,
                    "texture": "#0"
                }
            }
        }, {
            "from": [11, 9, 5],
            "to": [16, 11, 6],
            "rotation": {
                "angle": 0,
                "axis": "y",
                "origin": [8, 8, 8]
            },
            "faces": {
                "north": {
                    "uv": [0, 5, 5, 7],
                    "texture": "#0"
                },
                "east": {
                    "uv": [0, 5, 1, 7],
                    "texture": "#0"
                },
                "south": {
                    "uv": [5, 5, 0, 7],
                    "texture": "#0"
                },
                "west": {
                    "uv": [4, 5, 5, 7],
                    "texture": "#0"
                },
                "up": {
                    "uv": [0, 5, 5, 6],
                    "rotation": 180,
                    "texture": "#0"
                },
                "down": {
                    "uv": [5, 6, 0, 7],
                    "texture": "#0"
                }
            }
        }, {
            "from": [11, 5, 5],
            "to": [16, 7, 6],
            "rotation": {
                "angle": 0,
                "axis": "y",
                "origin": [8, 8, 8]
            },
            "faces": {
                "north": {
                    "uv": [0, 9, 5, 11],
                    "texture": "#0"
                },
                "east": {
                    "uv": [0, 9, 1, 11],
                    "texture": "#0"
                },
                "south": {
                    "uv": [5, 9, 0, 11],
                    "texture": "#0"
                },
                "west": {
                    "uv": [4, 9, 5, 11],
                    "texture": "#0"
                },
                "up": {
                    "uv": [0, 9, 5, 10],
                    "rotation": 180,
                    "texture": "#0"
                },
                "down": {
                    "uv": [5, 10, 0, 11],
                    "texture": "#0"
                }
            }
        }, {
            "from": [11, 5, 10],
            "to": [16, 7, 11],
            "rotation": {
                "angle": 0,
                "axis": "y",
                "origin": [8, 8, 8]
            },
            "faces": {
                "north": {
                    "uv": [0, 11, 5, 13],
                    "texture": "#0"
                },
                "east": {
                    "uv": [0, 11, 1, 13],
                    "texture": "#0"
                },
                "south": {
                    "uv": [5, 11, 0, 13],
                    "texture": "#0"
                },
                "west": {
                    "uv": [4, 11, 5, 13],
                    "texture": "#0"
                },
                "up": {
                    "uv": [0, 11, 5, 12],
                    "rotation": 180,
                    "texture": "#0"
                },
                "down": {
                    "uv": [5, 12, 0, 13],
                    "texture": "#0"
                }
            }
        }, {
            "from": [11, 9, 10],
            "to": [16, 11, 11],
            "rotation": {
                "angle": 0,
                "axis": "y",
                "origin": [8, 8, 8]
            },
            "faces": {
                "north": {
                    "uv": [0, 7, 5, 9],
                    "texture": "#0"
                },
                "east": {
                    "uv": [0, 7, 1, 9],
                    "texture": "#0"
                },
                "south": {
                    "uv": [5, 7, 0, 9],
                    "texture": "#0"
                },
                "west": {
                    "uv": [4, 7, 5, 9],
                    "texture": "#0"
                },
                "up": {
                    "uv": [0, 7, 5, 8],
                    "rotation": 180,
                    "texture": "#0"
                },
                "down": {
                    "uv": [5, 8, 0, 9],
                    "texture": "#0"
                }
            }
        }, {
            "from": [11, 10, 6],
            "to": [16, 11, 7],
            "rotation": {
                "angle": 0,
                "axis": "y",
                "origin": [8, 8, 8]
            },
            "faces": {
                "north": {
                    "uv": [2, 5, 3, 0],
                    "rotation": 90,
                    "texture": "#0"
                },
                "east": {
                    "uv": [2, 0, 3, 1],
                    "texture": "#0"
                },
                "south": {
                    "uv": [2, 0, 3, 5],
                    "rotation": 90,
                    "texture": "#0"
                },
                "west": {
                    "uv": [2, 4, 3, 5],
                    "texture": "#0"
                },
                "up": {
                    "uv": [2, 0, 3, 5],
                    "rotation": 90,
                    "texture": "#0"
                },
                "down": {
                    "uv": [2, 5, 3, 0],
                    "rotation": 270,
                    "texture": "#0"
                }
            }
        }, {
            "from": [11, 5, 6],
            "to": [16, 6, 7],
            "rotation": {
                "angle": 0,
                "axis": "y",
                "origin": [8, 8, 8]
            },
            "faces": {
                "north": {
                    "uv": [4, 5, 5, 0],
                    "rotation": 90,
                    "texture": "#0"
                },
                "east": {
                    "uv": [4, 0, 5, 1],
                    "texture": "#0"
                },
                "south": {
                    "uv": [4, 0, 5, 5],
                    "rotation": 90,
                    "texture": "#0"
                },
                "west": {
                    "uv": [4, 4, 5, 5],
                    "texture": "#0"
                },
                "up": {
                    "uv": [4, 0, 5, 5],
                    "rotation": 90,
                    "texture": "#0"
                },
                "down": {
                    "uv": [4, 5, 5, 0],
                    "rotation": 270,
                    "texture": "#0"
                }
            }
        }, {
            "from": [11, 10, 9],
            "to": [16, 11, 10],
            "rotation": {
                "angle": 0,
                "axis": "y",
                "origin": [8, 8, 8]
            },
            "faces": {
                "north": {
                    "uv": [3, 5, 4, 0],
                    "rotation": 90,
                    "texture": "#0"
                },
                "east": {
                    "uv": [3, 0, 4, 1],
                    "texture": "#0"
                },
                "south": {
                    "uv": [3, 0, 4, 5],
                    "rotation": 90,
                    "texture": "#0"
                },
                "west": {
                    "uv": [3, 4, 4, 5],
                    "texture": "#0"
                },
                "up": {
                    "uv": [3, 0, 4, 5],
                    "rotation": 90,
                    "texture": "#0"
                },
                "down": {
                    "uv": [3, 5, 4, 0],
                    "rotation": 270,
                    "texture": "#0"
                }
            }
        }, {
            "from": [11, 5, 9],
            "to": [16, 6, 10],
            "rotation": {
                "angle": 0,
                "axis": "y",
                "origin": [8, 8, 8]
            },
            "faces": {
                "north": {
                    "uv": [5, 5, 6, 0],
                    "rotation": 90,
                    "texture": "#0"
                },
                "east": {
                    "uv": [5, 0, 6, 1],
                    "texture": "#0"
                },
                "south": {
                    "uv": [5, 0, 6, 5],
                    "rotation": 90,
                    "texture": "#0"
                },
                "west": {
                    "uv": [5, 4, 6, 5],
                    "texture": "#0"
                },
                "up": {
                    "uv": [5, 0, 6, 5],
                    "rotation": 90,
                    "texture": "#0"
                },
                "down": {
                    "uv": [5, 5, 6, 0],
                    "rotation": 270,
                    "texture": "#0"
                }
            }
        }, {
            "from": [12, 10, 7],
            "to": [13, 11, 9],
            "rotation": {
                "angle": 0,
                "axis": "y",
                "origin": [8, 8, 8]
            },
            "faces": {
                "north": {
                    "uv": [6, 0, 7, 1],
                    "texture": "#0"
                },
                "east": {
                    "uv": [8, 0, 6, 1],
                    "texture": "#0"
                },
                "south": {
                    "uv": [7, 0, 8, 1],
                    "texture": "#0"
                },
                "west": {
                    "uv": [6, 0, 8, 1],
                    "texture": "#0"
                },
                "up": {
                    "uv": [6, 0, 8, 1],
                    "rotation": 90,
                    "texture": "#0"
                },
                "down": {
                    "uv": [6, 0, 8, 1],
                    "rotation": 270,
                    "texture": "#0"
                }
            }
        }, {
            "from": [12, 5, 7],
            "to": [13, 6, 9],
            "rotation": {
                "angle": 0,
                "axis": "y",
                "origin": [8, 8, 8]
            },
            "faces": {
                "north": {
                    "uv": [6, 0, 7, 1],
                    "texture": "#0"
                },
                "east": {
                    "uv": [8, 0, 6, 1],
                    "texture": "#0"
                },
                "south": {
                    "uv": [7, 0, 8, 1],
                    "texture": "#0"
                },
                "west": {
                    "uv": [6, 0, 8, 1],
                    "texture": "#0"
                },
                "up": {
                    "uv": [6, 0, 8, 1],
                    "rotation": 90,
                    "texture": "#0"
                },
                "down": {
                    "uv": [6, 0, 8, 1],
                    "rotation": 270,
                    "texture": "#0"
                }
            }
        }, {
            "from": [12, 7, 5],
            "to": [13, 9, 6],
            "rotation": {
                "angle": 0,
                "axis": "y",
                "origin": [8, 8, 8]
            },
            "faces": {
                "north": {
                    "uv": [6, 0, 8, 1],
                    "rotation": 90,
                    "texture": "#0"
                },
                "east": {
                    "uv": [6, 0, 8, 1],
                    "rotation": 90,
                    "texture": "#0"
                },
                "south": {
                    "uv": [6, 0, 8, 1],
                    "rotation": 90,
                    "texture": "#0"
                },
                "west": {
                    "uv": [6, 0, 8, 1],
                    "rotation": 90,
                    "texture": "#0"
                },
                "up": {
                    "uv": [6, 0, 7, 1],
                    "rotation": 90,
                    "texture": "#0"
                },
                "down": {
                    "uv": [7, 0, 8, 1],
                    "rotation": 270,
                    "texture": "#0"
                }
            }
        }, {
            "from": [12, 7, 10],
            "to": [13, 9, 11],
            "rotation": {
                "angle": 0,
                "axis": "y",
                "origin": [8, 8, 8]
            },
            "faces": {
                "north": {
                    "uv": [6, 0, 8, 1],
                    "rotation": 90,
                    "texture": "#0"
                },
                "east": {
                    "uv": [6, 0, 8, 1],
                    "rotation": 90,
                    "texture": "#0"
                },
                "south": {
                    "uv": [6, 0, 8, 1],
                    "rotation": 90,
                    "texture": "#0"
                },
                "west": {
                    "uv": [6, 0, 8, 1],
                    "rotation": 90,
                    "texture": "#0"
                },
                "up": {
                    "uv": [6, 0, 7, 1],
                    "rotation": 90,
                    "texture": "#0"
                },
                "down": {
                    "uv": [7, 0, 8, 1],
                    "rotation": 270,
                    "texture": "#0"
                }
            }
        }
    ],
    "groups": [{
            "name": "Middle",
            "origin": [0, 0, 0],
            "color": 0,
            "children": [0, 1, 2, 3, 4, 5, 6, 7, 8, 9, 10, 11, 12]
        }, {
            "name": "Side",
            "origin": [0, 0, 0],
            "color": 0,
            "children": [13, 14, 15, 16, 17, 18, 19, 20, 21, 22, 23, 24, 25]
        }, {
            "name": "Side",
            "origin": [0, 0, 0],
            "color": 0,
            "children": [26, 27, 28, 29, 30, 31, 32, 33, 34, 35, 36, 37, 38]
        }, {
            "name": "Side",
            "origin": [0, 0, 0],
            "color": 0,
            "children": [39, 40, 41, 42, 43, 44, 45, 46, 47, 48, 49, 50, 51]
        }, {
            "name": "Side",
            "origin": [0, 0, 0],
            "color": 0,
            "children": [52, 53, 54, 55, 56, 57, 58, 59, 60, 61, 62, 63, 64]
        }
    ]
}
