{
    "credit": "Made with Blockbench",
    "render_type": "minecraft:cutout",
    "textures": {
        "0": "replication:block/matter_network_pipe",
        "particle": "replication:block/matter_network_pipe"
    },
    "elements": [{
            "from": [7, 7, 7],
            "to": [9, 9, 9],
            "faces": {
                "north": {
                    "uv": [14, 0, 16, 2],
                    "texture": "#0"
                },
                "east": {
                    "uv": [14, 0, 16, 2],
                    "texture": "#0"
                },
                "south": {
                    "uv": [14, 0, 16, 2],
                    "texture": "#0"
                },
                "west": {
                    "uv": [14, 0, 16, 2],
                    "texture": "#0"
                },
                "up": {
                    "uv": [14, 0, 16, 2],
                    "texture": "#0"
                },
                "down": {
                    "uv": [14, 0, 16, 2],
                    "texture": "#0"
                }
            }
        }, {
            "from": [10, 9, 5],
            "to": [11, 11, 10],
            "rotation": {
                "angle": 0,
                "axis": "y",
                "origin": [8, 8, 14]
            },
            "faces": {
                "north": {
                    "uv": [0, 7, 1, 9],
                    "texture": "#0"
                },
                "east": {
                    "uv": [5, 7, 0, 9],
                    "texture": "#0"
                },
                "south": {
                    "uv": [4, 7, 5, 9],
                    "texture": "#0"
                },
                "west": {
                    "uv": [0, 7, 5, 9],
                    "texture": "#0"
                },
                "up": {
                    "uv": [0, 7, 5, 8],
                    "rotation": 90,
                    "texture": "#0"
                },
                "down": {
                    "uv": [5, 8, 0, 9],
                    "rotation": 90,
                    "texture": "#0"
                }
            }
        }, {
            "from": [9, 10, 5],
            "to": [10, 11, 10],
            "rotation": {
                "angle": 0,
                "axis": "y",
                "origin": [8, 8, 14]
            },
            "faces": {
                "north": {
                    "uv": [3, 0, 4, 1],
                    "texture": "#0"
                },
                "east": {
                    "uv": [3, 0, 4, 5],
                    "rotation": 90,
                    "texture": "#0"
                },
                "south": {
                    "uv": [3, 4, 4, 5],
                    "texture": "#0"
                },
                "west": {
                    "uv": [3, 5, 4, 0],
                    "rotation": 90,
                    "texture": "#0"
                },
                "up": {
                    "uv": [3, 0, 4, 5],
                    "texture": "#0"
                },
                "down": {
                    "uv": [3, 5, 4, 0],
                    "texture": "#0"
                }
            }
        }, {
            "from": [6, 10, 5],
            "to": [7, 11, 10],
            "rotation": {
                "angle": 0,
                "axis": "y",
                "origin": [8, 8, 14]
            },
            "faces": {
                "north": {
                    "uv": [2, 0, 3, 1],
                    "texture": "#0"
                },
                "east": {
                    "uv": [2, 0, 3, 5],
                    "rotation": 90,
                    "texture": "#0"
                },
                "south": {
                    "uv": [2, 4, 3, 5],
                    "texture": "#0"
                },
                "west": {
                    "uv": [2, 5, 3, 0],
                    "rotation": 90,
                    "texture": "#0"
                },
                "up": {
                    "uv": [2, 0, 3, 5],
                    "texture": "#0"
                },
                "down": {
                    "uv": [2, 5, 3, 0],
                    "texture": "#0"
                }
            }
        }, {
            "from": [5, 9, 5],
            "to": [6, 11, 10],
            "rotation": {
                "angle": 0,
                "axis": "y",
                "origin": [8, 8, 14]
            },
            "faces": {
                "north": {
                    "uv": [0, 5, 1, 7],
                    "texture": "#0"
                },
                "east": {
                    "uv": [5, 5, 0, 7],
                    "texture": "#0"
                },
                "south": {
                    "uv": [4, 5, 5, 7],
                    "texture": "#0"
                },
                "west": {
                    "uv": [0, 5, 5, 7],
                    "texture": "#0"
                },
                "up": {
                    "uv": [0, 5, 5, 6],
                    "rotation": 90,
                    "texture": "#0"
                },
                "down": {
                    "uv": [5, 6, 0, 7],
                    "rotation": 90,
                    "texture": "#0"
                }
            }
        }, {
            "from": [10, 5, 5],
            "to": [11, 7, 10],
            "rotation": {
                "angle": 0,
                "axis": "y",
                "origin": [8, 8, 14]
            },
            "faces": {
                "north": {
                    "uv": [0, 11, 1, 13],
                    "texture": "#0"
                },
                "east": {
                    "uv": [5, 11, 0, 13],
                    "texture": "#0"
                },
                "south": {
                    "uv": [4, 11, 5, 13],
                    "texture": "#0"
                },
                "west": {
                    "uv": [0, 11, 5, 13],
                    "texture": "#0"
                },
                "up": {
                    "uv": [0, 11, 5, 12],
                    "rotation": 90,
                    "texture": "#0"
                },
                "down": {
                    "uv": [5, 12, 0, 13],
                    "rotation": 90,
                    "texture": "#0"
                }
            }
        }, {
            "from": [9, 5, 5],
            "to": [10, 6, 10],
            "rotation": {
                "angle": 0,
                "axis": "y",
                "origin": [8, 8, 14]
            },
            "faces": {
                "north": {
                    "uv": [5, 0, 6, 1],
                    "texture": "#0"
                },
                "east": {
                    "uv": [5, 0, 6, 5],
                    "rotation": 90,
                    "texture": "#0"
                },
                "south": {
                    "uv": [5, 4, 6, 5],
                    "texture": "#0"
                },
                "west": {
                    "uv": [5, 5, 6, 0],
                    "rotation": 90,
                    "texture": "#0"
                },
                "up": {
                    "uv": [5, 0, 6, 5],
                    "texture": "#0"
                },
                "down": {
                    "uv": [5, 5, 6, 0],
                    "texture": "#0"
                }
            }
        }, {
            "from": [6, 5, 5],
            "to": [7, 6, 10],
            "rotation": {
                "angle": 0,
                "axis": "y",
                "origin": [8, 8, 14]
            },
            "faces": {
                "north": {
                    "uv": [4, 0, 5, 1],
                    "texture": "#0"
                },
                "east": {
                    "uv": [4, 0, 5, 5],
                    "rotation": 90,
                    "texture": "#0"
                },
                "south": {
                    "uv": [4, 4, 5, 5],
                    "texture": "#0"
                },
                "west": {
                    "uv": [4, 5, 5, 0],
                    "rotation": 90,
                    "texture": "#0"
                },
                "up": {
                    "uv": [4, 0, 5, 5],
                    "texture": "#0"
                },
                "down": {
                    "uv": [4, 5, 5, 0],
                    "texture": "#0"
                }
            }
        }, {
            "from": [5, 5, 5],
            "to": [6, 7, 10],
            "rotation": {
                "angle": 0,
                "axis": "y",
                "origin": [8, 8, 14]
            },
            "faces": {
                "north": {
                    "uv": [0, 9, 1, 11],
                    "texture": "#0"
                },
                "east": {
                    "uv": [5, 9, 0, 11],
                    "texture": "#0"
                },
                "south": {
                    "uv": [4, 9, 5, 11],
                    "texture": "#0"
                },
                "west": {
                    "uv": [0, 9, 5, 11],
                    "texture": "#0"
                },
                "up": {
                    "uv": [0, 9, 5, 10],
                    "rotation": 90,
                    "texture": "#0"
                },
                "down": {
                    "uv": [5, 10, 0, 11],
                    "rotation": 90,
                    "texture": "#0"
                }
            }
        }, {
            "from": [10, 9, 10],
            "to": [11, 11, 11],
            "rotation": {
                "angle": 0,
                "axis": "y",
                "origin": [8, 8, 8]
            },
            "faces": {
                "north": {
                    "uv": [4, 5, 5, 7],
                    "texture": "#0"
                },
                "east": {
                    "uv": [0, 5, 1, 7],
                    "texture": "#0"
                },
                "south": {
                    "uv": [0, 5, 1, 7],
                    "texture": "#0"
                },
                "west": {
                    "uv": [1, 5, 0, 7],
                    "texture": "#0"
                },
                "up": {
                    "uv": [0, 5, 1, 6],
                    "rotation": 270,
                    "texture": "#0"
                },
                "down": {
                    "uv": [1, 6, 0, 7],
                    "rotation": 270,
                    "texture": "#0"
                }
            }
        }, {
            "from": [9, 10, 10],
            "to": [10, 11, 11],
            "rotation": {
                "angle": 0,
                "axis": "y",
                "origin": [8, 8, 8]
            },
            "faces": {
                "north": {
                    "uv": [2, 4, 3, 5],
                    "texture": "#0"
                },
                "east": {
                    "uv": [2, 1, 3, 0],
                    "rotation": 90,
                    "texture": "#0"
                },
                "south": {
                    "uv": [2, 0, 3, 1],
                    "texture": "#0"
                },
                "west": {
                    "uv": [2, 0, 3, 1],
                    "rotation": 90,
                    "texture": "#0"
                },
                "up": {
                    "uv": [2, 4, 3, 5],
                    "rotation": 180,
                    "texture": "#0"
                },
                "down": {
                    "uv": [2, 1, 3, 0],
                    "rotation": 180,
                    "texture": "#0"
                }
            }
        }, {
            "from": [5, 10, 10],
            "to": [7, 11, 11],
            "rotation": {
                "angle": 0,
                "axis": "z",
                "origin": [8, 8, 8]
            },
            "faces": {
                "north": {
                    "uv": [4, 5, 5, 7],
                    "rotation": 90,
                    "texture": "#0"
                },
                "east": {
                    "uv": [1, 6, 0, 7],
                    "rotation": 180,
                    "texture": "#0"
                },
                "south": {
                    "uv": [0, 5, 1, 7],
                    "rotation": 270,
                    "texture": "#0"
                },
                "west": {
                    "uv": [0, 5, 1, 6],
                    "rotation": 180,
                    "texture": "#0"
                },
                "up": {
                    "uv": [0, 5, 1, 7],
                    "rotation": 270,
                    "texture": "#0"
                },
                "down": {
                    "uv": [1, 5, 0, 7],
                    "rotation": 270,
                    "texture": "#0"
                }
            }
        }, {
            "from": [5, 9, 10],
            "to": [6, 10, 11],
            "rotation": {
                "angle": 0,
                "axis": "z",
                "origin": [8, 8, 8]
            },
            "faces": {
                "north": {
                    "uv": [2, 4, 3, 5],
                    "rotation": 90,
                    "texture": "#0"
                },
                "east": {
                    "uv": [2, 1, 3, 0],
                    "rotation": 90,
                    "texture": "#0"
                },
                "south": {
                    "uv": [2, 0, 3, 1],
                    "rotation": 270,
                    "texture": "#0"
                },
                "west": {
                    "uv": [2, 4, 3, 5],
                    "rotation": 90,
                    "texture": "#0"
                },
                "up": {
                    "uv": [2, 1, 3, 0],
                    "texture": "#0"
                },
                "down": {
                    "uv": [2, 0, 3, 1],
                    "texture": "#0"
                }
            }
        }, {
            "from": [9, 5, 10],
            "to": [11, 6, 11],
            "rotation": {
                "angle": 0,
                "axis": "z",
                "origin": [8, 8, 8]
            },
            "faces": {
                "north": {
                    "uv": [4, 5, 5, 7],
                    "rotation": 270,
                    "texture": "#0"
                },
                "east": {
                    "uv": [0, 5, 1, 6],
                    "texture": "#0"
                },
                "south": {
                    "uv": [0, 5, 1, 7],
                    "rotation": 90,
                    "texture": "#0"
                },
                "west": {
                    "uv": [1, 6, 0, 7],
                    "texture": "#0"
                },
                "up": {
                    "uv": [1, 5, 0, 7],
                    "rotation": 90,
                    "texture": "#0"
                },
                "down": {
                    "uv": [0, 5, 1, 7],
                    "rotation": 90,
                    "texture": "#0"
                }
            }
        }, {
            "from": [10, 6, 10],
            "to": [11, 7, 11],
            "rotation": {
                "angle": 0,
                "axis": "z",
                "origin": [8, 8, 8]
            },
            "faces": {
                "north": {
                    "uv": [2, 4, 3, 5],
                    "rotation": 270,
                    "texture": "#0"
                },
                "east": {
                    "uv": [2, 4, 3, 5],
                    "rotation": 270,
                    "texture": "#0"
                },
                "south": {
                    "uv": [2, 0, 3, 1],
                    "rotation": 90,
                    "texture": "#0"
                },
                "west": {
                    "uv": [2, 1, 3, 0],
                    "rotation": 270,
                    "texture": "#0"
                },
                "up": {
                    "uv": [2, 0, 3, 1],
                    "rotation": 180,
                    "texture": "#0"
                },
                "down": {
                    "uv": [2, 1, 3, 0],
                    "rotation": 180,
                    "texture": "#0"
                }
            }
        }, {
            "from": [6, 5, 10],
            "to": [7, 6, 11],
            "rotation": {
                "angle": 0,
                "axis": "z",
                "origin": [8, 8, 8]
            },
            "faces": {
                "north": {
                    "uv": [2, 4, 3, 5],
                    "rotation": 180,
                    "texture": "#0"
                },
                "east": {
                    "uv": [2, 0, 3, 1],
                    "rotation": 270,
                    "texture": "#0"
                },
                "south": {
                    "uv": [2, 0, 3, 1],
                    "rotation": 180,
                    "texture": "#0"
                },
                "west": {
                    "uv": [2, 1, 3, 0],
                    "rotation": 270,
                    "texture": "#0"
                },
                "up": {
                    "uv": [2, 1, 3, 0],
                    "texture": "#0"
                },
                "down": {
                    "uv": [2, 4, 3, 5],
                    "texture": "#0"
                }
            }
        }, {
            "from": [5, 5, 10],
            "to": [6, 7, 11],
            "rotation": {
                "angle": 0,
                "axis": "z",
                "origin": [8, 8, 8]
            },
            "faces": {
                "north": {
                    "uv": [4, 5, 5, 7],
                    "rotation": 180,
                    "texture": "#0"
                },
                "east": {
                    "uv": [1, 5, 0, 7],
                    "rotation": 180,
                    "texture": "#0"
                },
                "south": {
                    "uv": [0, 5, 1, 7],
                    "rotation": 180,
                    "texture": "#0"
                },
                "west": {
                    "uv": [0, 5, 1, 7],
                    "rotation": 180,
                    "texture": "#0"
                },
                "up": {
                    "uv": [1, 6, 0, 7],
                    "rotation": 90,
                    "texture": "#0"
                },
                "down": {
                    "uv": [0, 5, 1, 6],
                    "rotation": 90,
                    "texture": "#0"
                }
            }
        }, {
            "from": [7, 7, 0],
            "to": [9, 9, 7],
            "rotation": {
                "angle": 0,
                "axis": "y",
                "origin": [8, 8, 8]
            },
            "faces": {
                "north": {
                    "uv": [14, 7, 16, 9],
                    "texture": "#0"
                },
                "east": {
                    "uv": [16, 0, 14, 7],
                    "rotation": 90,
                    "texture": "#0"
                },
                "south": {
                    "uv": [14, 9, 16, 11],
                    "texture": "#0"
                },
                "west": {
                    "uv": [14, 7, 16, 0],
                    "rotation": 90,
                    "texture": "#0"
                },
                "up": {
                    "uv": [14, 0, 16, 7],
                    "texture": "#0"
                },
                "down": {
                    "uv": [16, 7, 14, 0],
                    "texture": "#0"
                }
            }
        }, {
            "from": [5, 9, 0],
            "to": [6, 11, 5],
            "rotation": {
                "angle": 0,
                "axis": "y",
                "origin": [8, 8, 8]
            },
            "faces": {
                "north": {
                    "uv": [0, 5, 1, 7],
                    "texture": "#0"
                },
                "east": {
                    "uv": [5, 5, 0, 7],
                    "texture": "#0"
                },
                "south": {
                    "uv": [4, 5, 5, 7],
                    "texture": "#0"
                },
                "west": {
                    "uv": [0, 5, 5, 7],
                    "texture": "#0"
                },
                "up": {
                    "uv": [0, 5, 5, 6],
                    "rotation": 90,
                    "texture": "#0"
                },
                "down": {
                    "uv": [5, 6, 0, 7],
                    "rotation": 90,
                    "texture": "#0"
                }
            }
        }, {
            "from": [5, 5, 0],
            "to": [6, 7, 5],
            "rotation": {
                "angle": 0,
                "axis": "y",
                "origin": [8, 8, 8]
            },
            "faces": {
                "north": {
                    "uv": [0, 9, 1, 11],
                    "texture": "#0"
                },
                "east": {
                    "uv": [5, 9, 0, 11],
                    "texture": "#0"
                },
                "south": {
                    "uv": [4, 9, 5, 11],
                    "texture": "#0"
                },
                "west": {
                    "uv": [0, 9, 5, 11],
                    "texture": "#0"
                },
                "up": {
                    "uv": [0, 9, 5, 10],
                    "rotation": 90,
                    "texture": "#0"
                },
                "down": {
                    "uv": [5, 10, 0, 11],
                    "rotation": 90,
                    "texture": "#0"
                }
            }
        }, {
            "from": [10, 5, 0],
            "to": [11, 7, 5],
            "rotation": {
                "angle": 0,
                "axis": "y",
                "origin": [8, 8, 8]
            },
            "faces": {
                "north": {
                    "uv": [0, 11, 1, 13],
                    "texture": "#0"
                },
                "east": {
                    "uv": [5, 11, 0, 13],
                    "texture": "#0"
                },
                "south": {
                    "uv": [4, 11, 5, 13],
                    "texture": "#0"
                },
                "west": {
                    "uv": [0, 11, 5, 13],
                    "texture": "#0"
                },
                "up": {
                    "uv": [0, 11, 5, 12],
                    "rotation": 90,
                    "texture": "#0"
                },
                "down": {
                    "uv": [5, 12, 0, 13],
                    "rotation": 90,
                    "texture": "#0"
                }
            }
        }, {
            "from": [10, 9, 0],
            "to": [11, 11, 5],
            "rotation": {
                "angle": 0,
                "axis": "y",
                "origin": [8, 8, 8]
            },
            "faces": {
                "north": {
                    "uv": [0, 7, 1, 9],
                    "texture": "#0"
                },
                "east": {
                    "uv": [5, 7, 0, 9],
                    "texture": "#0"
                },
                "south": {
                    "uv": [4, 7, 5, 9],
                    "texture": "#0"
                },
                "west": {
                    "uv": [0, 7, 5, 9],
                    "texture": "#0"
                },
                "up": {
                    "uv": [0, 7, 5, 8],
                    "rotation": 90,
                    "texture": "#0"
                },
                "down": {
                    "uv": [5, 8, 0, 9],
                    "rotation": 90,
                    "texture": "#0"
                }
            }
        }, {
            "from": [6, 10, 0],
            "to": [7, 11, 5],
            "rotation": {
                "angle": 0,
                "axis": "y",
                "origin": [8, 8, 8]
            },
            "faces": {
                "north": {
                    "uv": [2, 0, 3, 1],
                    "texture": "#0"
                },
                "east": {
                    "uv": [2, 0, 3, 5],
                    "rotation": 90,
                    "texture": "#0"
                },
                "south": {
                    "uv": [2, 4, 3, 5],
                    "texture": "#0"
                },
                "west": {
                    "uv": [2, 5, 3, 0],
                    "rotation": 90,
                    "texture": "#0"
                },
                "up": {
                    "uv": [2, 0, 3, 5],
                    "texture": "#0"
                },
                "down": {
                    "uv": [2, 5, 3, 0],
                    "texture": "#0"
                }
            }
        }, {
            "from": [6, 5, 0],
            "to": [7, 6, 5],
            "rotation": {
                "angle": 0,
                "axis": "y",
                "origin": [8, 8, 8]
            },
            "faces": {
                "north": {
                    "uv": [4, 0, 5, 1],
                    "texture": "#0"
                },
                "east": {
                    "uv": [4, 0, 5, 5],
                    "rotation": 90,
                    "texture": "#0"
                },
                "south": {
                    "uv": [4, 4, 5, 5],
                    "texture": "#0"
                },
                "west": {
                    "uv": [4, 5, 5, 0],
                    "rotation": 90,
                    "texture": "#0"
                },
                "up": {
                    "uv": [4, 0, 5, 5],
                    "texture": "#0"
                },
                "down": {
                    "uv": [4, 5, 5, 0],
                    "texture": "#0"
                }
            }
        }, {
            "from": [9, 10, 0],
            "to": [10, 11, 5],
            "rotation": {
                "angle": 0,
                "axis": "y",
                "origin": [8, 8, 8]
            },
            "faces": {
                "north": {
                    "uv": [3, 0, 4, 1],
                    "texture": "#0"
                },
                "east": {
                    "uv": [3, 0, 4, 5],
                    "rotation": 90,
                    "texture": "#0"
                },
                "south": {
                    "uv": [3, 4, 4, 5],
                    "texture": "#0"
                },
                "west": {
                    "uv": [3, 5, 4, 0],
                    "rotation": 90,
                    "texture": "#0"
                },
                "up": {
                    "uv": [3, 0, 4, 5],
                    "texture": "#0"
                },
                "down": {
                    "uv": [3, 5, 4, 0],
                    "texture": "#0"
                }
            }
        }, {
            "from": [9, 5, 0],
            "to": [10, 6, 5],
            "rotation": {
                "angle": 0,
                "axis": "y",
                "origin": [8, 8, 8]
            },
            "faces": {
                "north": {
                    "uv": [5, 0, 6, 1],
                    "texture": "#0"
                },
                "east": {
                    "uv": [5, 0, 6, 5],
                    "rotation": 90,
                    "texture": "#0"
                },
                "south": {
                    "uv": [5, 4, 6, 5],
                    "texture": "#0"
                },
                "west": {
                    "uv": [5, 5, 6, 0],
                    "rotation": 90,
                    "texture": "#0"
                },
                "up": {
                    "uv": [5, 0, 6, 5],
                    "texture": "#0"
                },
                "down": {
                    "uv": [5, 5, 6, 0],
                    "texture": "#0"
                }
            }
        }, {
            "from": [7, 10, 3],
            "to": [9, 11, 4],
            "rotation": {
                "angle": 0,
                "axis": "y",
                "origin": [8, 8, 8]
            },
            "faces": {
                "north": {
                    "uv": [8, 0, 6, 1],
                    "texture": "#0"
                },
                "east": {
                    "uv": [7, 0, 8, 1],
                    "texture": "#0"
                },
                "south": {
                    "uv": [6, 0, 8, 1],
                    "texture": "#0"
                },
                "west": {
                    "uv": [6, 0, 7, 1],
                    "texture": "#0"
                },
                "up": {
                    "uv": [6, 0, 8, 1],
                    "texture": "#0"
                },
                "down": {
                    "uv": [6, 0, 8, 1],
                    "texture": "#0"
                }
            }
        }, {
            "from": [7, 5, 3],
            "to": [9, 6, 4],
            "rotation": {
                "angle": 0,
                "axis": "y",
                "origin": [8, 8, 8]
            },
            "faces": {
                "north": {
                    "uv": [8, 0, 6, 1],
                    "texture": "#0"
                },
                "east": {
                    "uv": [7, 0, 8, 1],
                    "texture": "#0"
                },
                "south": {
                    "uv": [6, 0, 8, 1],
                    "texture": "#0"
                },
                "west": {
                    "uv": [6, 0, 7, 1],
                    "texture": "#0"
                },
                "up": {
                    "uv": [6, 0, 8, 1],
                    "texture": "#0"
                },
                "down": {
                    "uv": [6, 0, 8, 1],
                    "texture": "#0"
                }
            }
        }, {
            "from": [5, 7, 3],
            "to": [6, 9, 4],
            "rotation": {
                "angle": 0,
                "axis": "y",
                "origin": [8, 8, 8]
            },
            "faces": {
                "north": {
                    "uv": [6, 0, 8, 1],
                    "rotation": 90,
                    "texture": "#0"
                },
                "east": {
                    "uv": [6, 0, 8, 1],
                    "rotation": 90,
                    "texture": "#0"
                },
                "south": {
                    "uv": [6, 0, 8, 1],
                    "rotation": 90,
                    "texture": "#0"
                },
                "west": {
                    "uv": [6, 0, 8, 1],
                    "rotation": 90,
                    "texture": "#0"
                },
                "up": {
                    "uv": [6, 0, 7, 1],
                    "texture": "#0"
                },
                "down": {
                    "uv": [7, 0, 8, 1],
                    "texture": "#0"
                }
            }
        }, {
            "from": [10, 7, 3],
            "to": [11, 9, 4],
            "rotation": {
                "angle": 0,
                "axis": "y",
                "origin": [8, 8, 8]
            },
            "faces": {
                "north": {
                    "uv": [6, 0, 8, 1],
                    "rotation": 90,
                    "texture": "#0"
                },
                "east": {
                    "uv": [6, 0, 8, 1],
                    "rotation": 90,
                    "texture": "#0"
                },
                "south": {
                    "uv": [6, 0, 8, 1],
                    "rotation": 90,
                    "texture": "#0"
                },
                "west": {
                    "uv": [6, 0, 8, 1],
                    "rotation": 90,
                    "texture": "#0"
                },
                "up": {
                    "uv": [6, 0, 7, 1],
                    "texture": "#0"
                },
                "down": {
                    "uv": [7, 0, 8, 1],
                    "texture": "#0"
                }
            }
        }, {
            "from": [7, 7, 9],
            "to": [9, 9, 16],
            "rotation": {
                "angle": 0,
                "axis": "y",
                "origin": [8, 8, 8]
            },
            "faces": {
                "north": {
                    "uv": [14, 9, 16, 11],
                    "texture": "#0"
                },
                "east": {
                    "uv": [14, 7, 16, 0],
                    "rotation": 90,
                    "texture": "#0"
                },
                "south": {
                    "uv": [14, 7, 16, 9],
                    "texture": "#0"
                },
                "west": {
                    "uv": [16, 0, 14, 7],
                    "rotation": 90,
                    "texture": "#0"
                },
                "up": {
                    "uv": [14, 0, 16, 7],
                    "rotation": 180,
                    "texture": "#0"
                },
                "down": {
                    "uv": [16, 7, 14, 0],
                    "rotation": 180,
                    "texture": "#0"
                }
            }
        }, {
            "from": [10, 9, 11],
            "to": [11, 11, 16],
            "rotation": {
                "angle": 0,
                "axis": "y",
                "origin": [8, 8, 8]
            },
            "faces": {
                "north": {
                    "uv": [4, 5, 5, 7],
                    "texture": "#0"
                },
                "east": {
                    "uv": [0, 5, 5, 7],
                    "texture": "#0"
                },
                "south": {
                    "uv": [0, 5, 1, 7],
                    "texture": "#0"
                },
                "west": {
                    "uv": [5, 5, 0, 7],
                    "texture": "#0"
                },
                "up": {
                    "uv": [0, 5, 5, 6],
                    "rotation": 270,
                    "texture": "#0"
                },
                "down": {
                    "uv": [5, 6, 0, 7],
                    "rotation": 270,
                    "texture": "#0"
                }
            }
        }, {
            "from": [10, 5, 11],
            "to": [11, 7, 16],
            "rotation": {
                "angle": 0,
                "axis": "y",
                "origin": [8, 8, 8]
            },
            "faces": {
                "north": {
                    "uv": [4, 9, 5, 11],
                    "texture": "#0"
                },
                "east": {
                    "uv": [0, 9, 5, 11],
                    "texture": "#0"
                },
                "south": {
                    "uv": [0, 9, 1, 11],
                    "texture": "#0"
                },
                "west": {
                    "uv": [5, 9, 0, 11],
                    "texture": "#0"
                },
                "up": {
                    "uv": [0, 9, 5, 10],
                    "rotation": 270,
                    "texture": "#0"
                },
                "down": {
                    "uv": [5, 10, 0, 11],
                    "rotation": 270,
                    "texture": "#0"
                }
            }
        }, {
            "from": [5, 5, 11],
            "to": [6, 7, 16],
            "rotation": {
                "angle": 0,
                "axis": "y",
                "origin": [8, 8, 8]
            },
            "faces": {
                "north": {
                    "uv": [4, 11, 5, 13],
                    "texture": "#0"
                },
                "east": {
                    "uv": [0, 11, 5, 13],
                    "texture": "#0"
                },
                "south": {
                    "uv": [0, 11, 1, 13],
                    "texture": "#0"
                },
                "west": {
                    "uv": [5, 11, 0, 13],
                    "texture": "#0"
                },
                "up": {
                    "uv": [0, 11, 5, 12],
                    "rotation": 270,
                    "texture": "#0"
                },
                "down": {
                    "uv": [5, 12, 0, 13],
                    "rotation": 270,
                    "texture": "#0"
                }
            }
        }, {
            "from": [5, 9, 11],
            "to": [6, 11, 16],
            "rotation": {
                "angle": 0,
                "axis": "y",
                "origin": [8, 8, 8]
            },
            "faces": {
                "north": {
                    "uv": [4, 7, 5, 9],
                    "texture": "#0"
                },
                "east": {
                    "uv": [0, 7, 5, 9],
                    "texture": "#0"
                },
                "south": {
                    "uv": [0, 7, 1, 9],
                    "texture": "#0"
                },
                "west": {
                    "uv": [5, 7, 0, 9],
                    "texture": "#0"
                },
                "up": {
                    "uv": [0, 7, 5, 8],
                    "rotation": 270,
                    "texture": "#0"
                },
                "down": {
                    "uv": [5, 8, 0, 9],
                    "rotation": 270,
                    "texture": "#0"
                }
            }
        }, {
            "from": [9, 10, 11],
            "to": [10, 11, 16],
            "rotation": {
                "angle": 0,
                "axis": "y",
                "origin": [8, 8, 8]
            },
            "faces": {
                "north": {
                    "uv": [2, 4, 3, 5],
                    "texture": "#0"
                },
                "east": {
                    "uv": [2, 5, 3, 0],
                    "rotation": 90,
                    "texture": "#0"
                },
                "south": {
                    "uv": [2, 0, 3, 1],
                    "texture": "#0"
                },
                "west": {
                    "uv": [2, 0, 3, 5],
                    "rotation": 90,
                    "texture": "#0"
                },
                "up": {
                    "uv": [2, 0, 3, 5],
                    "rotation": 180,
                    "texture": "#0"
                },
                "down": {
                    "uv": [2, 5, 3, 0],
                    "rotation": 180,
                    "texture": "#0"
                }
            }
        }, {
            "from": [9, 5, 11],
            "to": [10, 6, 16],
            "rotation": {
                "angle": 0,
                "axis": "y",
                "origin": [8, 8, 8]
            },
            "faces": {
                "north": {
                    "uv": [4, 4, 5, 5],
                    "texture": "#0"
                },
                "east": {
                    "uv": [4, 5, 5, 0],
                    "rotation": 90,
                    "texture": "#0"
                },
                "south": {
                    "uv": [4, 0, 5, 1],
                    "texture": "#0"
                },
                "west": {
                    "uv": [4, 0, 5, 5],
                    "rotation": 90,
                    "texture": "#0"
                },
                "up": {
                    "uv": [4, 0, 5, 5],
                    "rotation": 180,
                    "texture": "#0"
                },
                "down": {
                    "uv": [4, 5, 5, 0],
                    "rotation": 180,
                    "texture": "#0"
                }
            }
        }, {
            "from": [6, 10, 11],
            "to": [7, 11, 16],
            "rotation": {
                "angle": 0,
                "axis": "y",
                "origin": [8, 8, 8]
            },
            "faces": {
                "north": {
                    "uv": [3, 4, 4, 5],
                    "texture": "#0"
                },
                "east": {
                    "uv": [3, 5, 4, 0],
                    "rotation": 90,
                    "texture": "#0"
                },
                "south": {
                    "uv": [3, 0, 4, 1],
                    "texture": "#0"
                },
                "west": {
                    "uv": [3, 0, 4, 5],
                    "rotation": 90,
                    "texture": "#0"
                },
                "up": {
                    "uv": [3, 0, 4, 5],
                    "rotation": 180,
                    "texture": "#0"
                },
                "down": {
                    "uv": [3, 5, 4, 0],
                    "rotation": 180,
                    "texture": "#0"
                }
            }
        }, {
            "from": [6, 5, 11],
            "to": [7, 6, 16],
            "rotation": {
                "angle": 0,
                "axis": "y",
                "origin": [8, 8, 8]
            },
            "faces": {
                "north": {
                    "uv": [5, 4, 6, 5],
                    "texture": "#0"
                },
                "east": {
                    "uv": [5, 5, 6, 0],
                    "rotation": 90,
                    "texture": "#0"
                },
                "south": {
                    "uv": [5, 0, 6, 1],
                    "texture": "#0"
                },
                "west": {
                    "uv": [5, 0, 6, 5],
                    "rotation": 90,
                    "texture": "#0"
                },
                "up": {
                    "uv": [5, 0, 6, 5],
                    "rotation": 180,
                    "texture": "#0"
                },
                "down": {
                    "uv": [5, 5, 6, 0],
                    "rotation": 180,
                    "texture": "#0"
                }
            }
        }, {
            "from": [7, 10, 12],
            "to": [9, 11, 13],
            "rotation": {
                "angle": 0,
                "axis": "y",
                "origin": [8, 8, 8]
            },
            "faces": {
                "north": {
                    "uv": [6, 0, 8, 1],
                    "texture": "#0"
                },
                "east": {
                    "uv": [6, 0, 7, 1],
                    "texture": "#0"
                },
                "south": {
                    "uv": [8, 0, 6, 1],
                    "texture": "#0"
                },
                "west": {
                    "uv": [7, 0, 8, 1],
                    "texture": "#0"
                },
                "up": {
                    "uv": [6, 0, 8, 1],
                    "rotation": 180,
                    "texture": "#0"
                },
                "down": {
                    "uv": [6, 0, 8, 1],
                    "rotation": 180,
                    "texture": "#0"
                }
            }
        }, {
            "from": [7, 5, 12],
            "to": [9, 6, 13],
            "rotation": {
                "angle": 0,
                "axis": "y",
                "origin": [8, 8, 8]
            },
            "faces": {
                "north": {
                    "uv": [6, 0, 8, 1],
                    "texture": "#0"
                },
                "east": {
                    "uv": [6, 0, 7, 1],
                    "texture": "#0"
                },
                "south": {
                    "uv": [8, 0, 6, 1],
                    "texture": "#0"
                },
                "west": {
                    "uv": [7, 0, 8, 1],
                    "texture": "#0"
                },
                "up": {
                    "uv": [6, 0, 8, 1],
                    "rotation": 180,
                    "texture": "#0"
                },
                "down": {
                    "uv": [6, 0, 8, 1],
                    "rotation": 180,
                    "texture": "#0"
                }
            }
        }, {
            "from": [10, 7, 12],
            "to": [11, 9, 13],
            "rotation": {
                "angle": 0,
                "axis": "y",
                "origin": [8, 8, 8]
            },
            "faces": {
                "north": {
                    "uv": [6, 0, 8, 1],
                    "rotation": 90,
                    "texture": "#0"
                },
                "east": {
                    "uv": [6, 0, 8, 1],
                    "rotation": 90,
                    "texture": "#0"
                },
                "south": {
                    "uv": [6, 0, 8, 1],
                    "rotation": 90,
                    "texture": "#0"
                },
                "west": {
                    "uv": [6, 0, 8, 1],
                    "rotation": 90,
                    "texture": "#0"
                },
                "up": {
                    "uv": [6, 0, 7, 1],
                    "rotation": 180,
                    "texture": "#0"
                },
                "down": {
                    "uv": [7, 0, 8, 1],
                    "rotation": 180,
                    "texture": "#0"
                }
            }
        }, {
            "from": [5, 7, 12],
            "to": [6, 9, 13],
            "rotation": {
                "angle": 0,
                "axis": "y",
                "origin": [8, 8, 8]
            },
            "faces": {
                "north": {
                    "uv": [6, 0, 8, 1],
                    "rotation": 90,
                    "texture": "#0"
                },
                "east": {
                    "uv": [6, 0, 8, 1],
                    "rotation": 90,
                    "texture": "#0"
                },
                "south": {
                    "uv": [6, 0, 8, 1],
                    "rotation": 90,
                    "texture": "#0"
                },
                "west": {
                    "uv": [6, 0, 8, 1],
                    "rotation": 90,
                    "texture": "#0"
                },
                "up": {
                    "uv": [6, 0, 7, 1],
                    "rotation": 180,
                    "texture": "#0"
                },
                "down": {
                    "uv": [7, 0, 8, 1],
                    "rotation": 180,
                    "texture": "#0"
                }
            }
        }
    ],
    "groups": [{
            "name": "Middle",
            "origin": [0, 0, 0],
            "color": 0,
            "children": [0, 1, 2, 3, 4, 5, 6, 7, 8, 9, 10, 11, 12, 13, 14, 15, 16]
        }, {
            "name": "Side",
            "origin": [0, 0, 0],
            "color": 0,
            "children": [17, 18, 19, 20, 21, 22, 23, 24, 25, 26, 27, 28, 29]
        }, {
            "name": "Side",
            "origin": [0, 0, 0],
            "color": 0,
            "children": [30, 31, 32, 33, 34, 35, 36, 37, 38, 39, 40, 41, 42]
        }
    ]
}
